{
    "Fantastic Four (2005)": {
        "Guardians of the Galaxy (2014)": 0.45511,
        "Doctor Strange (2016)": 0.38134,
        "Captain America: Civil War (2016)": 0.38009,
        "Deadpool (2016)": 0.37912
    },
    "Guardians of the Galaxy (2014)": {
        "Ant-Man (2015)": 0.63826,
        "Deadpool (2016)": 0.62609,
        "Guardians of the Galaxy 2 (2017): Civil War (2016)": 0.52226,
        "Captain America: Civil War (2016)": 0.51155
    },
    "Ant-Man (2015)": {
        "Captain America: Civil War (2016)": 0.65597,
        "Guardians of the Galaxy (2014)": 0.63826,
        "Spider-Man: Homecoming (2017)": 0.61126,
        "X-Men: Apocalypse (2016)": 0.58488
    },
    "Deadpool (2016)": {
        "Guardians of the Galaxy (2014)": 0.62609,
        "Ant-Man (2015)": 0.56131,
        "Guardians of the Galaxy 2 (2017)": 0.51496,
        "Doctor Strange (2016)": 0.48004
    },
    "Avengers: Infinity War - Part I (2018)": {
        "Deadpool 2 (2018)": 0.8006,
        "Thor: Ragnarok (2017)": 0.78102,
        "Spider-Man: Homecoming (2017)": 0.69622,
        "Guardians of the Galaxy 2 (2017)": 0.59105
    },
    "Thor: Ragnarok (2017)": {
        "Spider-Man: Homecoming (2017)": 0.78484,
        "Avengers: Infinity War - Part I (2018)": 0.78102,
        "Guardians of the Galaxy 2 (2017)": 0.77556,
        "Deadpool 2 (2018)": 0.60829
    },
    "Guardians of the Galaxy 2 (2017)": {
        "Thor: Ragnarok (2017)": 0.77556,
        "Spider-Man: Homecoming (2017)": 0.7126,
        "Doctor Strange (2016)": 0.60149,
        "Avengers: Infinity War - Part I (2018)": 0.59105
    },
    "Captain America: Civil War (2016)": {
        "Ant-Man (2015)": 0.65597,
        "X-Men: Apocalypse (2016)": 0.60668,
        "Doctor Strange (2016)": 0.60588,
        "Spider-Man: Homecoming (2017)": 0.60193
    },
    "Doctor Strange (2016)": {
        "Captain America: Civil War (2016)": 0.60588,
        "Guardians of the Galaxy 2 (2017)": 0.60149,
        "Spider-Man: Homecoming (2017)": 0.57561,
        "Thor: Ragnarok (2017)": 0.56182
    },
    "X-Men: Apocalypse (2016)": {
        "Spider-Man: Homecoming (2017)": 0.61926,
        "Captain America: Civil War (2016)": 0.60668,
        "Ant-Man (2015)": 0.58488,
        "Guardians of the Galaxy 2 (2017)": 0.50571
    },
    "Spider-Man: Homecoming (2017)": {
        "Thor: Ragnarok (2017)": 0.78484,
        "Guardians of the Galaxy 2 (2017)": 0.7126,
        "Avengers: Infinity War - Part I (2018)": 0.69622,
        "X-Men: Apocalypse (2016)": 0.61926
    },
    "Deadpool 2 (2018)": {
        "Avengers: Infinity War - Part I (2018)": 0.8006,
        "Thor: Ragnarok (2017)": 0.60829,
        "Spider-Man: Homecoming (2017)": 0.56184,
        "Guardians of the Galaxy 2 (2017)": 0.43983
    }
}