{"Fantastic Four (2005)": {"Guardians of the Galaxy (2014)": 0.45511, "Doctor Strange (2016)": 0.38075, "Captain America: Civil War (2016)": 0.38009, "Deadpool (2016)": 0.37912}, "Guardians of the Galaxy (2014)": {"Ant-Man (2015)": 0.59478, "Deadpool (2016)": 0.62609, "Guardians of the Galaxy 2 (2017): Civil War (2016)": 0.52226, "Captain America: Civil War (2016)": 0.51155, "Guardians of the Galaxy 2 (2017)": 0.52226}, "Ant-Man (2015)": {"Captain America: Civil War (2016)": 0.61128, "Guardians of the Galaxy (2014)": 0.59478, "Spider-Man: Homecoming (2017)": 0.56962, "X-Men: Apocalypse (2016)": 0.54503}, "Deadpool (2016)": {"Guardians of the Galaxy (2014)": 0.62609, "Ant-Man (2015)": 0.52307, "Guardians of the Galaxy 2 (2017)": 0.51496, "Doctor Strange (2016)": 0.47929}, "Avengers: Infinity War - Part I (2018)": {"Deadpool 2 (2018)": 0.8006, "Thor: Ragnarok (2017)": 0.78102, "Spider-Man: Homecoming (2017)": 0.69622, "Guardians of the Galaxy 2 (2017)": 0.59105}, "Thor: Ragnarok (2017)": {"Spider-Man: Homecoming (2017)": 0.78484, "Avengers: Infinity War - Part I (2018)": 0.78102, "Guardians of the Galaxy 2 (2017)": 0.77556, "Deadpool 2 (2018)": 0.60829}, "Guardians of the Galaxy 2 (2017)": {"Thor: Ragnarok (2017)": 0.77556, "Spider-Man: Homecoming (2017)": 0.7126, "Doctor Strange (2016)": 0.60055, "Avengers: Infinity War - Part I (2018)": 0.59105}, "Captain America: Civil War (2016)": {"Ant-Man (2015)": 0.61128, "X-Men: Apocalypse (2016)": 0.60668, "Doctor Strange (2016)": 0.60493, "Spider-Man: Homecoming (2017)": 0.60193}, "Doctor Strange (2016)": {"Captain America: Civil War (2016)": 0.60493, "Guardians of the Galaxy 2 (2017)": 0.60055, "Spider-Man: Homecoming (2017)": 0.57471, "Thor: Ragnarok (2017)": 0.56094}, "X-Men: Apocalypse (2016)": {"Spider-Man: Homecoming (2017)": 0.61926, "Captain America: Civil War (2016)": 0.60668, "Ant-Man (2015)": 0.54503, "Guardians of the Galaxy 2 (2017)": 0.50571}, "Spider-Man: Homecoming (2017)": {"Thor: Ragnarok (2017)": 0.78484, "Guardians of the Galaxy 2 (2017)": 0.7126, "Avengers: Infinity War - Part I (2018)": 0.69622, "X-Men: Apocalypse (2016)": 0.61926}, "Deadpool 2 (2018)": {"Avengers: Infinity War - Part I (2018)": 0.8006, "Thor: Ragnarok (2017)": 0.60829, "Spider-Man: Homecoming (2017)": 0.56184, "Guardians of the Galaxy 2 (2017)": 0.43983}}